Richard Barlow <richard@richardbarlow.co.uk>: 0
Rich Barlow <rich.barlow@navetas.com>: 0
Rich Barlow <rich@bennellick.com>: 0
Robert Spanton <rspanton@zepler.net>: 1
Rob Spanton <rspanton@zepler.net>: 1
Rob Spanton <rob@robspanton.com>: 1
Rob Gilton <rgilton@studentrobotics.org>: 1
Rob Gilton <rob@adventurousmachines.com>: 1
Jeremy Morse <jmorse+git@studentrobotics.org>: 2
Thomas Scarsbrook <scarzybrook@googlemail.com>: 3
Sam Phippen <samphippen@googlemail.com>: 4
Alistair Lynn <alynn@studentrobotics.org>: 5
Steven Haywood <steven123456789@hotmail.co.uk>: 6
Andrew Busse <andybusse@studentrobotics.org>: 7
Andrew Busse2 <andybusse@studentrobotics.org>: 8
Peter Law <PeterJCLaw@gmail.com>: 9
Joe Hacker <j_hacker@live.co.uk>: 10
Harry Cutts <eternal.linux@gmail.com>: 11
Tim Jones <ymbirtt@gmail.com>: 12
Andrew Cottrell <Ultimatereality92@gmail.com>: 13
Chris Kirkham <chrisjameskirkham@gmail.com>: 14
Christopher Baines <cbaines8@gmail.com>: 15
Lila Fisch <lilafisch@muc.ccc.de>: 16
Christopher Hewett <chewett@hotmail.co.uk>: 17
Chris Malton <chrism@cmalton.me.uk>: 18
Howard Buck <howiegoing@gmail.com>: 19
Tyler Ward <Tyler@scorpia.co.uk>: 20
Tyler Ward <tyler@scorpia.co.uk>: 20
Murray Colpman <muzer@tim32.org>: 21
Duncan Mortimer <dmorti@gmail.com>: 22
Tom Leese <tom@tomleese.me.uk>: 23
Tom Leese <inbox@tomleese.me.uk>: 23
Giorgos Karatziolas <gkaratziolas@gmail.com>: 24
Samson Danziger <sdanziger@studentrobotics.org>: 25
Ollie Steptoe <stepz69@gmail.com>: 26
Rashmi Jey <ashjey@hotmail.co.uk>: 27
Anton Nikitin <antonnikitin@live.co.uk>: 28
Andrew Barrett-Sprot <abarrett-sprot@studentrobotics.org>: 29
Kier Davis <kierdavis@gmail.com>: 30
Dan Trickey <dan@trickey.io>: 31
Will Barber <will@rudi.org.uk>: 32
